Date,New Cases,New Deaths,New Recovered,New Active Cases,Total Cases,Total Deaths,Total Recovered,Total Active Cases,New Cases per Million,Total Cases per Million,New Deaths per Million,Total Deaths per Million,Case Fatality Rate,Case Recovered Rate,Growth Factor of New Cases,Growth Factor of New Deaths
3/2/2020,2,0,0,2,2,0,0,2,0.01,0.01,0.0,0.0,0.0,0.0,0.0,0.0
3/3/2020,0,0,0,0,2,0,0,2,0.0,0.01,0.0,0.0,0.0,0.0,0.0,1.0
3/4/2020,0,0,0,0,2,0,0,2,0.0,0.01,0.0,0.0,0.0,0.0,1.0,1.0
3/5/2020,0,0,0,0,2,0,0,2,0.0,0.01,0.0,0.0,0.0,0.0,1.0,1.0
3/6/2020,2,0,0,2,4,0,0,4,0.01,0.02,0.0,0.0,0.0,0.0,0.0,1.0
3/7/2020,0,0,0,0,4,0,0,4,0.0,0.02,0.0,0.0,0.0,0.0,0.0,1.0
3/8/2020,2,0,0,2,6,0,0,6,0.01,0.02,0.0,0.0,0.0,0.0,0.0,1.0
3/9/2020,13,0,0,13,19,0,0,19,0.05,0.07,0.0,0.0,0.0,0.0,6.5,1.0
3/10/2020,8,0,2,6,27,0,2,25,0.03,0.1,0.0,0.0,0.0,7.41,0.62,1.0
3/11/2020,7,1,0,6,34,1,2,31,0.03,0.13,0.0,0.0,2.94,5.88,0.88,0.0
3/12/2020,0,0,0,0,34,1,2,31,0.0,0.13,0.0,0.0,2.94,5.88,0.0,0.0
3/13/2020,35,3,0,32,69,4,2,63,0.13,0.26,0.01,0.02,5.8,2.9,0.0,0.0
3/14/2020,27,1,6,20,96,5,8,83,0.1,0.36,0.0,0.02,5.21,8.33,0.77,0.33
3/15/2020,21,0,0,21,117,5,8,104,0.08,0.44,0.0,0.02,4.27,6.84,0.78,0.0
3/16/2020,17,0,0,17,134,5,8,121,0.06,0.51,0.0,0.02,3.73,5.97,0.81,1.0
3/17/2020,38,0,1,37,172,5,9,158,0.14,0.65,0.0,0.02,2.91,5.23,2.24,1.0
3/18/2020,55,14,2,39,227,19,11,197,0.21,0.86,0.05,0.07,8.37,4.85,1.45,0.0
3/19/2020,82,6,4,72,309,25,15,269,0.31,1.17,0.02,0.09,8.09,4.85,1.49,0.43
3/20/2020,60,7,2,51,369,32,17,320,0.23,1.39,0.03,0.12,8.67,4.61,0.73,1.17
3/21/2020,81,6,3,72,450,38,20,392,0.31,1.7,0.02,0.14,8.44,4.44,1.35,0.86
3/22/2020,64,10,9,45,514,48,29,437,0.24,1.94,0.04,0.18,9.34,5.64,0.79,1.67
3/23/2020,65,1,1,63,579,49,30,500,0.25,2.18,0.0,0.18,8.46,5.18,1.02,0.1
3/24/2020,106,6,0,100,685,55,30,600,0.4,2.58,0.02,0.21,8.03,4.38,1.63,6.0
3/25/2020,105,3,1,101,790,58,31,701,0.4,2.98,0.01,0.22,7.34,3.92,0.99,0.5
3/26/2020,103,20,4,79,893,78,35,780,0.39,3.37,0.08,0.29,8.73,3.92,0.98,6.67
3/27/2020,153,9,11,133,1046,87,46,913,0.58,3.94,0.03,0.33,8.32,4.4,1.49,0.45
3/28/2020,109,15,13,81,1155,102,59,994,0.41,4.36,0.06,0.38,8.83,5.11,0.71,1.67
3/29/2020,130,12,5,113,1285,114,64,1107,0.49,4.85,0.05,0.43,8.87,4.98,1.19,0.8
3/30/2020,129,8,11,110,1414,122,75,1217,0.49,5.33,0.03,0.46,8.63,5.3,0.99,0.67
3/31/2020,114,14,6,94,1528,136,81,1311,0.43,5.76,0.05,0.51,8.9,5.3,0.88,1.75
4/1/2020,149,21,22,106,1677,157,103,1417,0.56,6.32,0.08,0.59,9.36,6.14,1.31,1.5
4/2/2020,113,13,9,91,1790,170,112,1508,0.43,6.75,0.05,0.64,9.5,6.26,0.76,0.62
4/3/2020,196,11,22,163,1986,181,134,1671,0.74,7.49,0.04,0.68,9.11,6.75,1.73,0.85
4/4/2020,106,10,16,80,2092,191,150,1751,0.4,7.89,0.04,0.72,9.13,7.17,0.54,0.91
4/5/2020,181,7,14,160,2273,198,164,1911,0.68,8.57,0.03,0.75,8.71,7.22,1.71,0.7
4/6/2020,218,11,28,179,2491,209,192,2090,0.82,9.39,0.04,0.79,8.39,7.71,1.2,1.57
4/7/2020,247,12,12,223,2738,221,204,2313,0.93,10.32,0.05,0.83,8.07,7.45,1.13,1.09
4/8/2020,218,19,18,181,2956,240,222,2494,0.82,11.15,0.07,0.91,8.12,7.51,0.88,1.58
4/9/2020,337,40,30,267,3293,280,252,2761,1.27,12.42,0.15,1.06,8.5,7.65,1.55,2.11
4/10/2020,219,26,30,163,3512,306,282,2924,0.83,13.24,0.1,1.15,8.71,8.03,0.65,0.65
4/11/2020,330,21,4,305,3842,327,286,3229,1.24,14.49,0.08,1.23,8.51,7.44,1.51,0.81
4/12/2020,399,46,73,280,4241,373,359,3509,1.5,15.99,0.17,1.41,8.8,8.46,1.21,2.19
4/13/2020,316,26,21,269,4557,399,380,3778,1.19,17.18,0.1,1.5,8.76,8.34,0.79,0.57
4/14/2020,282,60,46,176,4839,459,426,3954,1.06,18.25,0.23,1.73,9.49,8.8,0.89,2.31
4/15/2020,297,10,20,267,5136,469,446,4221,1.12,19.37,0.04,1.77,9.13,8.68,1.05,0.17
4/16/2020,380,27,102,251,5516,496,548,4472,1.43,20.8,0.1,1.87,8.99,9.93,1.28,2.7
4/17/2020,407,24,59,324,5923,520,607,4796,1.53,22.34,0.09,1.96,8.78,10.25,1.07,0.89
4/18/2020,325,15,24,286,6248,535,631,5082,1.23,23.56,0.06,2.02,8.56,10.1,0.8,0.63
4/19/2020,327,47,55,225,6575,582,686,5307,1.23,24.79,0.18,2.19,8.85,10.43,1.01,3.13
4/20/2020,185,8,61,116,6760,590,747,5423,0.7,25.49,0.03,2.22,8.73,11.05,0.57,0.17
4/21/2020,375,26,95,254,7135,616,842,5677,1.41,26.91,0.1,2.32,8.63,11.8,2.03,3.25
4/22/2020,283,19,71,193,7418,635,913,5870,1.07,27.97,0.07,2.39,8.56,12.31,0.75,0.73
4/23/2020,357,12,47,298,7775,647,960,6168,1.35,29.32,0.05,2.44,8.32,12.35,1.26,0.63
4/24/2020,436,42,42,352,8211,689,1002,6520,1.64,30.96,0.16,2.6,8.39,12.2,1.22,3.5
4/25/2020,396,31,40,325,8607,720,1042,6845,1.49,32.46,0.12,2.72,8.37,12.11,0.91,0.74
4/26/2020,275,23,65,187,8882,743,1107,7032,1.04,33.49,0.09,2.8,8.37,12.46,0.69,0.74
4/27/2020,214,22,44,148,9096,765,1151,7180,0.81,34.3,0.08,2.88,8.41,12.65,0.78,0.96
4/28/2020,415,8,103,304,9511,773,1254,7484,1.56,35.87,0.03,2.91,8.13,13.18,1.94,0.36
4/29/2020,260,11,137,112,9771,784,1391,7596,0.98,36.85,0.04,2.96,8.02,14.24,0.63,1.38
4/30/2020,347,8,131,208,10118,792,1522,7804,1.31,38.15,0.03,2.99,7.83,15.04,1.33,0.73
5/1/2020,433,8,69,356,10551,800,1591,8160,1.63,39.79,0.03,3.02,7.58,15.08,1.25,1.0
5/2/2020,292,31,74,187,10843,831,1665,8347,1.1,40.89,0.12,3.13,7.66,15.36,0.67,3.88
5/3/2020,349,14,211,124,11192,845,1876,8471,1.32,42.2,0.05,3.19,7.55,16.76,1.2,0.45
5/4/2020,395,19,78,298,11587,864,1954,8769,1.49,43.69,0.07,3.26,7.46,16.86,1.13,1.36
5/5/2020,484,8,243,233,12071,872,2197,9002,1.83,45.52,0.03,3.29,7.22,18.2,1.23,0.42
5/6/2020,367,23,120,224,12438,895,2317,9226,1.38,46.9,0.09,3.37,7.2,18.63,0.76,2.88
5/7/2020,338,35,64,239,12776,930,2381,9465,1.27,48.18,0.13,3.51,7.28,18.64,0.92,1.52
5/8/2020,336,13,113,210,13112,943,2494,9675,1.27,49.44,0.05,3.56,7.19,19.02,0.99,0.37
5/9/2020,533,16,113,404,13645,959,2607,10079,2.01,51.45,0.06,3.62,7.03,19.11,1.59,1.23
5/10/2020,387,14,91,282,14032,973,2698,10361,1.46,52.91,0.05,3.67,6.93,19.23,0.73,0.88
5/11/2020,233,18,183,32,14265,991,2881,10393,0.88,53.79,0.07,3.74,6.95,20.2,0.6,1.29
5/12/2020,484,16,182,286,14749,1007,3063,10679,1.83,55.62,0.06,3.8,6.83,20.77,2.08,0.89
5/13/2020,689,21,224,444,15438,1028,3287,11123,2.6,58.22,0.08,3.88,6.66,21.29,1.42,1.31
5/14/2020,568,15,231,322,16006,1043,3518,11445,2.14,60.36,0.06,3.93,6.52,21.98,0.82,0.71
5/15/2020,490,33,285,172,16496,1076,3803,11617,1.85,62.21,0.12,4.06,6.52,23.05,0.86,2.2
5/16/2020,529,13,108,408,17025,1089,3911,12025,1.99,64.2,0.05,4.11,6.4,22.97,1.08,0.39
5/17/2020,489,59,218,212,17514,1148,4129,12237,1.84,66.04,0.22,4.33,6.55,23.58,0.92,4.54
5/18/2020,496,43,195,258,18010,1191,4324,12495,1.87,67.91,0.16,4.49,6.61,24.01,1.01,0.73
5/19/2020,486,30,143,313,18496,1221,4467,12808,1.83,69.75,0.11,4.6,6.6,24.15,0.98,0.7
5/20/2020,693,21,108,564,19189,1242,4575,13372,2.61,72.36,0.08,4.68,6.47,23.84,1.43,0.7
5/21/2020,973,36,263,674,20162,1278,4838,14046,3.67,76.03,0.14,4.82,6.34,24.0,1.4,1.71
5/22/2020,634,48,219,367,20796,1326,5057,14413,2.39,78.42,0.18,5.0,6.38,24.32,0.65,1.33
5/23/2020,949,25,192,732,21745,1351,5249,15145,3.58,82.0,0.09,5.09,6.21,24.14,1.5,0.52
5/24/2020,526,21,153,352,22271,1372,5402,15497,1.98,83.98,0.08,5.17,6.16,24.26,0.55,0.84
5/25/2020,479,19,240,220,22750,1391,5642,15717,1.81,85.79,0.07,5.25,6.11,24.8,0.91,0.9
5/26/2020,415,27,235,153,23165,1418,5877,15870,1.56,87.35,0.1,5.35,6.12,25.37,0.87,1.42
5/27/2020,686,55,180,451,23851,1473,6057,16321,2.59,89.94,0.21,5.55,6.18,25.4,1.65,2.04
5/28/2020,687,23,183,481,24538,1496,6240,16802,2.59,92.53,0.09,5.64,6.1,25.43,1.0,0.42
5/29/2020,678,24,252,402,25216,1520,6492,17204,2.56,95.09,0.09,5.73,6.03,25.75,0.99,1.04
5/30/2020,557,53,523,-19,25773,1573,7015,17185,2.1,97.19,0.2,5.93,6.1,27.22,0.82,2.21
5/31/2020,700,40,293,367,26473,1613,7308,17552,2.64,99.83,0.15,6.08,6.09,27.61,1.26,0.75
6/1/2020,467,28,329,110,26940,1641,7637,17662,1.76,101.59,0.11,6.19,6.09,28.35,0.67,0.7
6/2/2020,609,22,298,289,27549,1663,7935,17951,2.3,103.89,0.08,6.27,6.04,28.8,1.3,0.79
6/3/2020,684,35,471,178,28233,1698,8406,18129,2.58,106.47,0.13,6.4,6.01,29.77,1.12,1.59
6/4/2020,585,23,486,76,28818,1721,8892,18205,2.21,108.67,0.09,6.49,5.97,30.86,0.86,0.66
6/5/2020,703,49,551,103,29521,1770,9443,18308,2.65,111.32,0.18,6.67,6.0,31.99,1.2,2.13
6/6/2020,993,31,464,498,30514,1801,9907,18806,3.74,115.07,0.12,6.79,5.9,32.47,1.41,0.63
6/7/2020,672,50,591,31,31186,1851,10498,18837,2.53,117.6,0.19,6.98,5.94,33.66,0.68,1.61
6/8/2020,847,32,406,409,32033,1883,10904,19246,3.19,120.79,0.12,7.1,5.88,34.04,1.26,0.64
6/9/2020,1042,40,510,492,33075,1923,11414,19738,3.93,124.72,0.15,7.25,5.81,34.51,1.23,1.25
6/10/2020,1241,36,715,490,34316,1959,12129,20228,4.68,129.4,0.14,7.39,5.71,35.35,1.19,0.9
6/11/2020,979,41,507,431,35295,2000,12636,20659,3.69,133.1,0.15,7.54,5.67,35.8,0.79,1.14
6/12/2020,1111,48,577,486,36406,2048,13213,21145,4.19,137.29,0.18,7.72,5.63,36.29,1.13,1.17
6/13/2020,1014,43,563,408,37420,2091,13776,21553,3.82,141.11,0.16,7.89,5.59,36.81,0.91,0.9
6/14/2020,857,43,755,59,38277,2134,14531,21612,3.23,144.34,0.16,8.05,5.58,37.96,0.85,1.0
6/15/2020,1017,64,592,361,39294,2198,15123,21973,3.84,148.18,0.24,8.29,5.59,38.49,1.19,1.49
6/16/2020,1106,33,580,493,40400,2231,15703,22466,4.17,152.35,0.12,8.41,5.52,38.87,1.09,0.52
6/17/2020,1031,45,540,446,41431,2276,16243,22912,3.89,156.23,0.17,8.58,5.49,39.2,0.93,1.36
6/18/2020,1331,63,555,713,42762,2339,16798,23625,5.02,161.25,0.24,8.82,5.47,39.28,1.29,1.4
6/19/2020,1041,34,551,456,43803,2373,17349,24081,3.93,165.18,0.13,8.95,5.42,39.61,0.78,0.54
6/20/2020,1226,56,534,636,45029,2429,17883,24717,4.62,169.8,0.21,9.16,5.39,39.71,1.18,1.65
6/21/2020,862,36,521,305,45891,2465,18404,25022,3.25,173.05,0.14,9.3,5.37,40.1,0.7,0.64
6/22/2020,954,35,331,588,46845,2500,18735,25610,3.6,176.65,0.13,9.43,5.34,39.99,1.11,0.97
6/23/2020,1051,35,506,510,47896,2535,19241,26120,3.96,180.61,0.13,9.56,5.29,40.17,1.1,1.0
6/24/2020,1113,38,417,658,49009,2573,19658,26778,4.2,184.81,0.14,9.7,5.25,40.11,1.06,1.09
6/25/2020,1178,47,791,340,50187,2620,20449,27118,4.44,189.25,0.18,9.88,5.22,40.75,1.06,1.24
6/26/2020,1240,63,884,293,51427,2683,21333,27411,4.68,193.93,0.24,10.12,5.22,41.48,1.05,1.34
6/27/2020,1385,37,576,772,52812,2720,21909,28183,5.22,199.15,0.14,10.26,5.15,41.48,1.12,0.59
6/28/2020,1198,34,1027,137,54010,2754,22936,28320,4.52,203.67,0.13,10.39,5.1,42.47,0.86,0.92
6/29/2020,1082,51,864,167,55092,2805,23800,28487,4.08,207.75,0.19,10.58,5.09,43.2,0.9,1.5
6/30/2020,1293,71,1006,216,56385,2876,24806,28703,4.88,212.62,0.27,10.85,5.1,43.99,1.2,1.39
7/1/2020,1385,58,789,538,57770,2934,25595,29241,5.22,217.85,0.22,11.06,5.08,44.31,1.07,0.82
7/2/2020,1624,53,1072,499,59394,2987,26667,29740,6.12,223.97,0.2,11.26,5.03,44.9,1.17,0.91
7/3/2020,1301,49,901,351,60695,3036,27568,30091,4.91,228.88,0.18,11.45,5.0,45.42,0.8,0.92
7/4/2020,1447,53,651,743,62142,3089,28219,30834,5.46,234.33,0.2,11.65,4.97,45.41,1.11,1.08
7/5/2020,1607,82,886,639,63749,3171,29105,31473,6.06,240.39,0.31,11.96,4.97,45.66,1.11,1.55
7/6/2020,1209,70,814,325,64958,3241,29919,31798,4.56,244.95,0.26,12.22,4.99,46.06,0.75,0.85
7/7/2020,1268,68,866,334,66226,3309,30785,32132,4.78,249.73,0.26,12.48,5.0,46.48,1.05,0.97
7/8/2020,1853,50,800,1003,68079,3359,31585,33135,6.99,256.72,0.19,12.67,4.93,46.39,1.46,0.74
7/9/2020,2657,58,1066,1533,70736,3417,32651,34668,10.02,266.74,0.22,12.89,4.83,46.16,1.43,1.16
7/10/2020,1611,52,878,681,72347,3469,33529,35349,6.07,272.82,0.2,13.08,4.79,46.34,0.61,0.9
7/11/2020,1671,66,1190,415,74018,3535,34719,35764,6.3,279.12,0.25,13.33,4.78,46.91,1.04,1.27
7/12/2020,1681,71,919,691,75699,3606,35638,36455,6.34,285.46,0.27,13.6,4.76,47.08,1.01,1.08
7/13/2020,1282,50,1051,181,76981,3656,36689,36636,4.83,290.29,0.19,13.79,4.75,47.66,0.76,0.7
7/14/2020,1591,54,947,590,78572,3710,37636,37226,6.0,296.29,0.2,13.99,4.72,47.9,1.24,1.08
7/15/2020,1522,87,1414,21,80094,3797,39050,37247,5.74,302.03,0.33,14.32,4.74,48.76,0.96,1.61
7/16/2020,1574,76,1295,203,81668,3873,40345,37450,5.94,307.97,0.29,14.6,4.74,49.4,1.03,0.87
7/17/2020,1462,84,1489,-111,83130,3957,41834,37339,5.51,313.48,0.32,14.92,4.76,50.32,0.93,1.11
7/18/2020,1752,59,1434,259,84882,4016,43268,37598,6.61,320.09,0.22,15.14,4.73,50.97,1.2,0.7
7/19/2020,1639,127,2133,-621,86521,4143,45401,36977,6.18,326.27,0.48,15.62,4.79,52.47,0.94,2.15
7/20/2020,1693,96,1576,21,88214,4239,46977,36998,6.38,332.65,0.36,15.99,4.81,53.25,1.03,0.76
7/21/2020,1655,81,1489,85,89869,4320,48466,37083,6.24,338.89,0.31,16.29,4.81,53.93,0.98,0.84
7/22/2020,1882,139,1789,-46,91751,4459,50255,37037,7.1,345.99,0.52,16.81,4.86,54.77,1.14,1.72
7/23/2020,1906,117,1909,-120,93657,4576,52164,36917,7.19,353.18,0.44,17.26,4.89,55.7,1.01,0.84
7/24/2020,1761,89,1781,-109,95418,4665,53945,36808,6.64,359.82,0.34,17.59,4.89,56.54,0.92,0.76
7/25/2020,1868,49,1409,410,97286,4714,55354,37218,7.04,366.86,0.18,17.78,4.85,56.9,1.06,0.55
7/26/2020,1492,67,1301,124,98778,4781,56655,37342,5.63,372.49,0.25,18.03,4.84,57.36,0.8,1.37
7/27/2020,1525,57,1518,-50,100303,4838,58173,37292,5.75,378.24,0.21,18.24,4.82,58.0,1.02,0.85
7/28/2020,1748,63,2366,-681,102051,4901,60539,36611,6.59,384.83,0.24,18.48,4.8,59.32,1.15,1.11
7/29/2020,2381,74,1599,708,104432,4975,62138,37319,8.98,393.81,0.28,18.76,4.76,59.5,1.36,1.17
7/30/2020,1904,83,2154,-333,106336,5058,64292,36986,7.18,400.99,0.31,19.07,4.76,60.46,0.8,1.12
7/31/2020,2040,73,1615,352,108376,5131,65907,37338,7.69,408.68,0.28,19.35,4.73,60.81,1.07,0.88
8/1/2020,1560,62,2012,-514,109936,5193,67919,36824,5.88,414.56,0.23,19.58,4.72,61.78,0.76,0.85
8/2/2020,1519,43,1056,420,111455,5236,68975,37244,5.73,420.29,0.16,19.74,4.7,61.89,0.97,0.69
8/3/2020,1679,66,1262,351,113134,5302,70237,37595,6.33,426.62,0.25,19.99,4.69,62.08,1.11,1.53
8/4/2020,1922,86,1813,23,115056,5388,72050,37618,7.25,433.87,0.32,20.32,4.68,62.62,1.14,1.3
8/5/2020,1815,64,1839,-88,116871,5452,73889,37530,6.84,440.71,0.24,20.56,4.66,63.22,0.94,0.74
8/6/2020,1882,69,1756,57,118753,5521,75645,37587,7.1,447.81,0.26,20.82,4.65,63.7,1.04,1.08
8/7/2020,2473,72,1912,489,121226,5593,77557,38076,9.33,457.14,0.27,21.09,4.61,63.98,1.31,1.04
8/8/2020,2277,65,1749,463,123503,5658,79306,38539,8.59,465.72,0.25,21.34,4.58,64.21,0.92,0.9
8/9/2020,1893,65,1646,182,125396,5723,80952,38721,7.14,472.86,0.25,21.58,4.56,64.56,0.83,1.0
8/10/2020,1687,42,1284,361,127083,5765,82236,39082,6.36,479.22,0.16,21.74,4.54,64.71,0.89,0.65
8/11/2020,1693,59,1474,160,128776,5824,83710,39242,6.38,485.61,0.22,21.96,4.52,65.0,1.0,1.4
8/12/2020,1942,79,2088,-225,130718,5903,85798,39017,7.32,492.93,0.3,22.26,4.52,65.64,1.15,1.34
8/13/2020,2098,65,1760,273,132816,5968,87558,39290,7.91,500.84,0.25,22.5,4.49,65.92,1.08,0.82
8/14/2020,2307,53,2060,194,135123,6021,89618,39484,8.7,509.54,0.2,22.7,4.46,66.32,1.1,0.82
8/15/2020,2345,50,1703,592,137468,6071,91321,40076,8.84,518.38,0.19,22.89,4.42,66.43,1.02,0.94
8/16/2020,2081,79,1782,220,139549,6150,93103,40296,7.85,526.23,0.3,23.19,4.41,66.72,0.89,1.58
8/17/2020,1821,57,1355,409,141370,6207,94458,40705,6.87,533.1,0.21,23.41,4.39,66.82,0.88,0.72
8/18/2020,1673,70,1848,-245,143043,6277,96306,40460,6.31,539.41,0.26,23.67,4.39,67.33,0.92,1.23
8/19/2020,1902,69,2351,-518,144945,6346,98657,39942,7.17,546.58,0.26,23.93,4.38,68.07,1.14,0.99
8/20/2020,2266,72,2017,177,147211,6418,100674,40119,8.54,555.12,0.27,24.2,4.36,68.39,1.19,1.04
8/21/2020,2197,82,2317,-202,149408,6500,102991,39917,8.28,563.41,0.31,24.51,4.35,68.93,0.97,1.14
8/22/2020,2090,94,2207,-211,151498,6594,105198,39706,7.88,571.29,0.35,24.87,4.35,69.44,0.95,1.15
8/23/2020,2037,86,2302,-351,153535,6680,107500,39355,7.68,578.97,0.32,25.19,4.35,70.02,0.97,0.91
8/24/2020,1877,79,3560,-1762,155412,6759,111060,37593,7.08,586.05,0.3,25.49,4.35,71.46,0.92,0.92
8/25/2020,2447,99,1807,541,157859,6858,112867,38134,9.23,595.28,0.37,25.86,4.34,71.5,1.3,1.25
8/26/2020,2306,86,2542,-322,160165,6944,115409,37812,8.7,603.97,0.32,26.19,4.34,72.06,0.94,0.87
8/27/2020,2719,120,3166,-567,162884,7064,118575,37245,10.25,614.23,0.45,26.64,4.34,72.8,1.18,1.4
8/28/2020,3003,105,2325,573,165887,7169,120900,37818,11.32,625.55,0.4,27.03,4.32,72.88,1.1,0.88
8/29/2020,3308,92,1902,1314,169195,7261,122802,39132,12.47,638.03,0.35,27.38,4.29,72.58,1.1,0.88
8/30/2020,2858,82,1383,1393,172053,7343,124185,40525,10.78,648.8,0.31,27.69,4.27,72.18,0.86,0.89
8/31/2020,2743,74,1774,895,174796,7417,125959,41420,10.34,659.15,0.28,27.97,4.24,72.06,0.96,0.9
9/1/2020,2775,88,2098,589,177571,7505,128057,42009,10.46,669.61,0.33,28.3,4.23,72.12,1.01,1.19
9/2/2020,3075,111,1914,1050,180646,7616,129971,43059,11.6,681.21,0.42,28.72,4.22,71.95,1.11,1.26
9/3/2020,3622,134,2084,1404,184268,7750,132055,44463,13.66,694.86,0.51,29.22,4.21,71.66,1.18,1.21
9/4/2020,3269,82,2126,1061,187537,7832,134181,45524,12.33,707.19,0.31,29.53,4.18,71.55,0.9,0.61
9/5/2020,3128,108,2220,800,190665,7940,136401,46324,11.8,718.99,0.41,29.94,4.16,71.54,0.96,1.32
9/6/2020,3444,85,2174,1185,194109,8025,138575,47509,12.99,731.97,0.32,30.26,4.13,71.39,1.1,0.79
9/7/2020,2880,105,2077,698,196989,8130,140652,48207,10.86,742.83,0.4,30.66,4.13,71.4,0.84,1.24
9/8/2020,3046,100,2306,640,200035,8230,142958,48847,11.49,754.32,0.38,31.03,4.11,71.47,1.06,0.95
9/9/2020,3307,106,2242,959,203342,8336,145200,49806,12.47,766.79,0.4,31.43,4.1,71.41,1.09,1.06
9/10/2020,3861,120,2310,1431,207203,8456,147510,51237,14.56,781.35,0.45,31.89,4.08,71.19,1.17,1.13
9/11/2020,3737,88,2707,942,210940,8544,150217,52179,14.09,795.44,0.33,32.22,4.05,71.21,0.97,0.73
9/12/2020,3806,106,2241,1459,214746,8650,152458,53638,14.35,809.8,0.4,32.62,4.03,70.99,1.02,1.2
9/13/2020,3636,73,2552,1011,218382,8723,155010,54649,13.71,823.51,0.28,32.89,3.99,70.98,0.96,0.69
9/14/2020,3141,118,3395,-372,221523,8841,158405,54277,11.84,835.35,0.44,33.34,3.99,71.51,0.86,1.62
9/15/2020,3507,124,2660,723,225030,8965,161065,55000,13.22,848.58,0.47,33.81,3.98,71.57,1.12,1.05
9/16/2020,3963,135,3036,792,228993,9100,164101,55792,14.94,863.52,0.51,34.32,3.97,71.66,1.13,1.09
9/17/2020,3635,122,2585,928,232628,9222,166686,56720,13.71,877.23,0.46,34.78,3.96,71.65,0.92,0.9
9/18/2020,3891,114,4088,-311,236519,9336,170774,56409,14.67,891.9,0.43,35.21,3.95,72.2,1.07,0.93
9/19/2020,4168,112,3576,480,240687,9448,174350,56889,15.72,907.62,0.42,35.63,3.93,72.44,1.07,0.98
9/20/2020,3989,105,2977,907,244676,9553,177327,57796,15.04,922.66,0.4,36.02,3.9,72.47,0.96,0.94
9/21/2020,4176,124,3470,582,248852,9677,180797,58378,15.75,938.41,0.47,36.49,3.89,72.65,1.05,1.18
9/22/2020,4071,160,3501,410,252923,9837,184298,58788,15.35,953.76,0.6,37.09,3.89,72.87,0.97,1.29
9/23/2020,4465,140,3660,665,257388,9977,187958,59453,16.84,970.6,0.53,37.62,3.88,73.03,1.1,0.88
9/24/2020,4634,128,3895,611,262022,10105,191853,60064,17.47,988.07,0.48,38.11,3.86,73.22,1.04,0.91
9/25/2020,4823,113,4343,367,266845,10218,196196,60431,18.19,1006.26,0.43,38.53,3.83,73.52,1.04,0.88
9/26/2020,4494,90,3207,1197,271339,10308,199403,61628,16.95,1023.2,0.34,38.87,3.8,73.49,0.93,0.8
9/27/2020,3874,78,3611,185,275213,10386,203014,61813,14.61,1037.81,0.29,39.17,3.77,73.77,0.86,0.87
9/28/2020,3509,87,3856,-434,278722,10473,206870,61379,13.23,1051.05,0.33,39.49,3.76,74.22,0.91,1.12
9/29/2020,4002,128,3567,307,282724,10601,210437,61686,15.09,1066.14,0.48,39.98,3.75,74.43,1.14,1.47
9/30/2020,4284,139,4510,-365,287008,10740,214947,61321,16.15,1082.29,0.52,40.5,3.74,74.89,1.07,1.09
10/1/2020,4174,116,3540,518,291182,10856,218487,61839,15.74,1098.03,0.44,40.94,3.73,75.03,0.97,0.83
10/2/2020,4317,116,2853,1348,295499,10972,221340,63187,16.28,1114.31,0.44,41.37,3.71,74.9,1.03,1.0
10/3/2020,4007,83,3712,212,299506,11055,225052,63399,15.11,1129.42,0.31,41.69,3.69,75.14,0.93,0.72
10/4/2020,3992,96,3401,495,303498,11151,228453,63894,15.05,1144.47,0.36,42.05,3.67,75.27,1.0,1.16
10/5/2020,3622,102,4140,-620,307120,11253,232593,63274,13.66,1158.13,0.38,42.43,3.66,75.73,0.91,1.06
10/6/2020,4056,121,3844,91,311176,11374,236437,63365,15.29,1173.43,0.46,42.89,3.66,75.98,1.12,1.19
10/7/2020,4538,98,3854,586,315714,11472,240291,63951,17.11,1190.54,0.37,43.26,3.63,76.11,1.12,0.81
10/8/2020,4850,108,3769,973,320564,11580,244060,64924,18.29,1208.83,0.41,43.67,3.61,76.13,1.07,1.1
10/9/2020,4094,97,3607,390,324658,11677,247667,65314,15.44,1224.27,0.37,44.03,3.6,76.29,0.84,0.9
10/10/2020,4294,88,3814,392,328952,11765,251481,65706,16.19,1240.46,0.33,44.37,3.58,76.45,1.05,0.91
10/11/2020,4497,79,3546,872,333449,11844,255027,66578,16.96,1257.42,0.3,44.66,3.55,76.48,1.05,0.9
10/12/2020,3267,91,3492,-316,336716,11935,258519,66262,12.32,1269.74,0.34,45.01,3.54,76.78,0.73,1.15
10/13/2020,3906,92,4777,-963,340622,12027,263296,65299,14.73,1284.47,0.35,45.35,3.53,77.3,1.2,1.01
10/14/2020,4127,129,4555,-557,344749,12156,267851,64742,15.56,1300.03,0.49,45.84,3.53,77.69,1.06,1.4
10/15/2020,4411,112,5810,-1511,349160,12268,273661,63231,16.63,1316.66,0.42,46.26,3.51,78.38,1.07,0.87
10/16/2020,4301,79,3883,339,353461,12347,277544,63570,16.22,1332.88,0.3,46.56,3.49,78.52,0.98,0.71
10/17/2020,4301,84,4048,169,357762,12431,281592,63739,16.22,1349.1,0.32,46.88,3.47,78.71,1.0,1.06
10/18/2020,4105,80,3732,293,361867,12511,285324,64032,15.48,1364.58,0.3,47.18,3.46,78.85,0.95,0.95
10/19/2020,3373,106,3919,-652,365240,12617,289243,63380,12.72,1377.3,0.4,47.58,3.45,79.19,0.82,1.33
10/20/2020,3602,117,4410,-925,368842,12734,293653,62455,13.58,1390.88,0.44,48.02,3.45,79.61,1.07,1.1
10/21/2020,4267,123,3856,288,373109,12857,297509,62743,16.09,1406.97,0.46,48.48,3.45,79.74,1.18,1.05
10/22/2020,4432,102,3497,833,377541,12959,301006,63576,16.71,1423.69,0.38,48.87,3.43,79.73,1.04,0.83
10/23/2020,4369,118,4094,157,381910,13077,305100,63733,16.48,1440.16,0.44,49.31,3.42,79.89,0.99,1.16
10/24/2020,4070,128,4119,-177,385980,13205,309219,63556,15.35,1455.51,0.48,49.8,3.42,80.11,0.93,1.08
10/25/2020,3732,94,4545,-907,389712,13299,313764,62649,14.07,1469.58,0.35,50.15,3.41,80.51,0.92,0.73
10/26/2020,3222,112,3908,-798,392934,13411,317672,61851,12.15,1481.73,0.42,50.57,3.41,80.85,0.86,1.19
10/27/2020,3520,101,4576,-1157,396454,13512,322248,60694,13.27,1495.01,0.38,50.95,3.41,81.28,1.09,0.9
10/28/2020,4029,100,3545,384,400483,13612,325793,61078,15.19,1510.2,0.38,51.33,3.4,81.35,1.14,0.99
10/29/2020,3565,89,3985,-509,404048,13701,329778,60569,13.44,1523.64,0.34,51.67,3.39,81.62,0.88,0.89
10/30/2020,2897,81,4517,-1701,406945,13782,334295,58868,10.92,1534.57,0.31,51.97,3.39,82.15,0.81,0.91
10/31/2020,3143,87,3506,-450,410088,13869,337801,58418,11.85,1546.42,0.33,52.3,3.38,82.37,1.08,1.07
11/1/2020,2696,74,4141,-1519,412784,13943,341942,56899,10.17,1556.59,0.28,52.58,3.38,82.84,0.86,0.85
11/2/2020,2618,101,3624,-1107,415402,14044,345566,55792,9.87,1566.46,0.38,52.96,3.38,83.19,0.97,1.36
11/3/2020,2973,102,3931,-1060,418375,14146,349497,54732,11.21,1577.67,0.38,53.34,3.38,83.54,1.14,1.01
11/4/2020,3356,113,3785,-542,421731,14259,353282,54190,12.66,1590.32,0.43,53.77,3.38,83.77,1.13,1.11
11/5/2020,4065,89,3860,116,425796,14348,357142,54306,15.33,1605.65,0.34,54.11,3.37,83.88,1.21,0.79
11/6/2020,3778,94,3563,121,429574,14442,360705,54427,14.25,1619.9,0.35,54.46,3.36,83.97,0.93,1.06
11/7/2020,4262,98,3712,452,433836,14540,364417,54879,16.07,1635.97,0.37,54.83,3.35,84.0,1.13,1.04
11/8/2020,3880,74,3881,-75,437716,14614,368298,54804,14.63,1650.6,0.28,55.11,3.34,84.14,0.91,0.76
11/9/2020,2853,75,3968,-1190,440569,14689,372266,53614,10.76,1661.36,0.28,55.39,3.33,84.5,0.74,1.01
11/10/2020,3779,72,3475,232,444348,14761,375741,53846,14.25,1675.61,0.27,55.66,3.32,84.56,1.32,0.96
11/11/2020,3770,75,3241,454,448118,14836,378982,54300,14.22,1689.83,0.28,55.95,3.31,84.57,1.0,1.04
11/12/2020,4173,97,3102,974,452291,14933,382084,55274,15.74,1705.56,0.37,56.31,3.3,84.48,1.11,1.29
11/13/2020,5444,104,3010,2330,457735,15037,385094,57604,20.53,1726.09,0.39,56.7,3.29,84.13,1.3,1.07
11/14/2020,5272,111,3000,2161,463007,15148,388094,59765,19.88,1745.97,0.42,57.12,3.27,83.82,0.97,1.07
11/15/2020,4106,63,3897,146,467113,15211,391991,59911,15.48,1761.46,0.24,57.36,3.26,83.92,0.78,0.57
11/16/2020,3535,85,3452,-2,470648,15296,395443,59909,13.33,1774.79,0.32,57.68,3.25,84.02,0.86,1.35
11/17/2020,3807,97,3193,517,474455,15393,398636,60426,14.36,1789.14,0.37,58.05,3.24,84.02,1.08,1.14
11/18/2020,4265,110,3711,444,478720,15503,402347,60870,16.08,1805.23,0.41,58.46,3.24,84.05,1.12,1.13
11/19/2020,4798,97,4265,436,483518,15600,406612,61306,18.09,1823.32,0.37,58.83,3.23,84.09,1.12,0.88
11/20/2020,4792,78,3940,774,488310,15678,410552,62080,18.07,1841.39,0.29,59.12,3.21,84.08,1.0,0.8
11/21/2020,4998,96,3403,1499,493308,15774,413955,63579,18.85,1860.24,0.36,59.48,3.2,83.91,1.04,1.23
11/22/2020,4360,110,4233,17,497668,15884,418188,63596,16.44,1876.68,0.41,59.9,3.19,84.03,0.87,1.15
11/23/2020,4442,118,4198,126,502110,16002,422386,63722,16.75,1893.43,0.44,60.34,3.19,84.12,1.02,1.07
11/24/2020,4192,109,2927,1156,506302,16111,425313,64878,15.81,1909.24,0.41,60.75,3.18,84.0,0.94,0.92
11/25/2020,5534,114,4494,926,511836,16225,429807,65804,20.87,1930.11,0.43,61.18,3.17,83.97,1.32,1.05
11/26/2020,4917,127,3842,948,516753,16352,433649,66752,18.54,1948.65,0.48,61.66,3.16,83.92,0.89,1.11
11/27/2020,5828,169,3807,1852,522581,16521,437456,68604,21.98,1970.62,0.64,62.3,3.16,83.71,1.19,1.33
11/28/2020,5418,125,4527,766,527999,16646,441983,69370,20.43,1991.06,0.47,62.77,3.15,83.71,0.93,0.74
11/29/2020,6267,169,3810,2288,534266,16815,445793,71658,23.63,2014.69,0.64,63.41,3.15,83.44,1.16,1.35
11/30/2020,4617,130,4725,-238,538883,16945,450518,71420,17.41,2032.1,0.49,63.9,3.14,83.6,0.74,0.77
12/1/2020,5092,136,4361,595,543975,17081,454879,72015,19.2,2051.3,0.51,64.41,3.14,83.62,1.1,1.05
12/2/2020,5533,118,4001,1414,549508,17199,458880,73429,20.86,2072.16,0.44,64.86,3.13,83.51,1.09,0.87
12/3/2020,8369,156,3673,4540,557877,17355,462553,77969,31.56,2103.72,0.59,65.44,3.11,82.91,1.51,1.32
12/4/2020,5803,124,3625,2054,563680,17479,466178,80023,21.88,2125.61,0.47,65.91,3.1,82.7,0.69,0.79
12/5/2020,6027,110,4271,1646,569707,17589,470449,81669,22.73,2148.33,0.41,66.33,3.09,82.58,1.04,0.89
12/6/2020,6089,151,4322,1616,575796,17740,474771,83285,22.96,2171.3,0.57,66.9,3.08,82.45,1.01,1.37
12/7/2020,5754,127,4431,1196,581550,17867,479202,84481,21.7,2192.99,0.48,67.38,3.07,82.4,0.94,0.84
12/8/2020,5292,133,4295,864,586842,18000,483497,85345,19.96,2212.95,0.5,67.88,3.07,82.39,0.92,1.05
12/9/2020,6058,171,3948,1939,592900,18171,487445,87284,22.84,2235.79,0.64,68.52,3.06,82.21,1.14,1.29
12/10/2020,6033,165,4530,1338,598933,18336,491975,88622,22.75,2258.54,0.62,69.14,3.06,82.14,1.0,0.96
12/11/2020,6310,175,4911,1224,605243,18511,496886,89846,23.79,2282.34,0.66,69.8,3.06,82.1,1.05,1.06
12/12/2020,6388,142,4490,1756,611631,18653,501376,91602,24.09,2306.43,0.54,70.34,3.05,81.97,1.01,0.81
12/13/2020,6189,166,4460,1563,617820,18819,505836,93165,23.34,2329.77,0.63,70.97,3.05,81.87,0.97,1.17
12/14/2020,5489,137,5121,231,623309,18956,510957,93396,20.7,2350.46,0.52,71.48,3.04,81.97,0.89,0.83
12/15/2020,6120,155,5699,266,629429,19111,516656,93662,23.08,2373.54,0.58,72.07,3.04,82.08,1.11,1.13
12/16/2020,6725,137,5328,1260,636154,19248,521984,94922,25.36,2398.9,0.52,72.58,3.03,82.05,1.1,0.88
12/17/2020,7354,142,4995,2217,643508,19390,526979,97139,27.73,2426.63,0.54,73.12,3.01,81.89,1.09,1.04
12/18/2020,6689,124,5016,1549,650197,19514,531995,98688,25.22,2451.86,0.47,73.59,3.0,81.82,0.91,0.87
12/19/2020,7751,145,4265,3341,657948,19659,536260,102029,29.23,2481.09,0.55,74.13,2.99,81.5,1.16,1.17
12/20/2020,6982,221,5551,1210,664930,19880,541811,103239,26.33,2507.41,0.83,74.97,2.99,81.48,0.9,1.52
12/21/2020,6848,205,5073,1570,671778,20085,546884,104809,25.82,2533.24,0.77,75.74,2.99,81.41,0.98,0.93
12/22/2020,6347,172,5838,337,678125,20257,552722,105146,23.93,2557.17,0.65,76.39,2.99,81.51,0.93,0.84
12/23/2020,7514,151,5981,1382,685639,20408,558703,106528,28.33,2585.51,0.57,76.96,2.98,81.49,1.18,0.88
12/24/2020,7199,181,5277,1741,692838,20589,563980,108269,27.15,2612.65,0.68,77.64,2.97,81.4,0.96,1.2
12/25/2020,7259,258,6324,677,700097,20847,570304,108946,27.37,2640.03,0.97,78.61,2.98,81.46,1.01,1.43
12/26/2020,6740,147,6389,204,706837,20994,576693,109150,25.42,2665.44,0.55,79.17,2.97,81.59,0.93,0.57
12/27/2020,6528,243,6983,-698,713365,21237,583676,108452,24.62,2690.06,0.92,80.08,2.98,81.82,0.97,1.65
12/28/2020,5854,215,6302,-663,719219,21452,589978,107789,22.08,2712.14,0.81,80.89,2.98,82.03,0.9,0.88
12/29/2020,7903,251,6805,847,727122,21703,596783,108636,29.8,2741.94,0.95,81.84,2.98,82.07,1.35,1.17
12/30/2020,8002,241,6958,803,735124,21944,603741,109439,30.18,2772.11,0.91,82.75,2.99,82.13,1.01,0.96
12/31/2020,8074,194,7356,524,743198,22138,611097,109963,30.45,2802.56,0.73,83.48,2.98,82.23,1.01,0.8
1/1/2021,8072,191,6839,1042,751270,22329,617936,111005,30.44,2833.0,0.72,84.2,2.97,82.25,1.0,0.98
1/2/2021,7203,226,7582,-605,758473,22555,625518,110400,27.16,2860.16,0.85,85.05,2.97,82.47,0.89,1.18
1/3/2021,6877,179,6419,279,765350,22734,631937,110679,25.93,2886.09,0.67,85.73,2.97,82.57,0.95,0.79
1/4/2021,6753,177,7166,-590,772103,22911,639103,110089,25.47,2911.56,0.67,86.4,2.97,82.77,0.98,0.99
1/5/2021,7445,198,6643,604,779548,23109,645746,110693,28.07,2939.63,0.75,87.14,2.96,82.84,1.1,1.12
1/6/2021,8854,187,6767,1900,788402,23296,652513,112593,33.39,2973.02,0.71,87.85,2.95,82.76,1.19,0.94
1/7/2021,9321,224,6924,2173,797723,23520,659437,114766,35.15,3008.17,0.84,88.69,2.95,82.66,1.05,1.2
1/8/2021,10617,233,7446,2938,808340,23753,666883,117704,40.04,3048.21,0.88,89.57,2.94,82.5,1.14,1.04
1/9/2021,10046,194,6628,3224,818386,23947,673511,120928,37.88,3086.09,0.73,90.3,2.93,82.3,0.95,0.83
1/10/2021,9640,182,7513,1945,828026,24129,681024,122873,36.35,3122.44,0.69,90.99,2.91,82.25,0.96,0.94
1/11/2021,8692,214,7715,763,836718,24343,688739,123636,32.78,3155.22,0.81,91.8,2.91,82.31,0.9,1.18
1/12/2021,10047,302,7068,2677,846765,24645,695807,126313,37.89,3193.1,1.14,92.93,2.91,82.17,1.16,1.41
1/13/2021,11278,306,7657,3315,858043,24951,703464,129628,42.53,3235.63,1.15,94.09,2.91,81.98,1.12,1.01
1/14/2021,11557,295,7741,3521,869600,25246,711205,133149,43.58,3279.21,1.11,95.2,2.9,81.79,1.02,0.96
1/15/2021,12818,238,7491,5089,882418,25484,718696,138238,48.34,3327.55,0.9,96.1,2.89,81.45,1.11,0.81
1/16/2021,14224,283,8662,5279,896642,25767,727358,143517,53.64,3381.19,1.07,97.17,2.87,81.12,1.11,1.19
1/17/2021,11287,220,9102,1965,907929,25987,736460,145482,42.56,3423.75,0.83,98.0,2.86,81.11,0.79,0.78
1/18/2021,9086,295,9475,-684,917015,26282,745935,144798,34.26,3458.01,1.11,99.11,2.87,81.34,0.8,1.34
1/19/2021,10365,308,8013,2044,927380,26590,753948,146842,39.09,3497.1,1.16,100.27,2.87,81.3,1.14,1.04
1/20/2021,12568,267,9755,2546,939948,26857,763703,149388,47.39,3544.49,1.01,101.28,2.86,81.25,1.21,0.87
1/21/2021,11703,346,9087,2270,951651,27203,772790,151658,44.13,3588.62,1.3,102.58,2.86,81.21,0.93,1.3
1/22/2021,13632,250,8357,5025,965283,27453,781147,156683,51.41,3640.03,0.94,103.52,2.84,80.92,1.16,0.72
1/23/2021,12191,211,9912,2068,977474,27664,791059,158751,45.97,3686.0,0.8,104.32,2.83,80.93,0.89,0.84
1/24/2021,11788,171,7751,3866,989262,27835,798810,162617,44.45,3730.45,0.64,104.96,2.81,80.75,0.97,0.81
1/25/2021,9994,297,10678,-981,999256,28132,809488,161636,37.69,3768.14,1.12,106.08,2.82,81.01,0.85,1.74
1/26/2021,13094,336,10868,1890,1012350,28468,820356,163526,49.38,3817.52,1.27,107.35,2.81,81.03,1.31,1.13
1/27/2021,11948,387,10974,587,1024298,28855,831330,164113,45.06,3862.57,1.46,108.81,2.82,81.16,0.91,1.15
1/28/2021,13695,476,10792,2427,1037993,29331,842122,166540,51.64,3914.21,1.79,110.61,2.83,81.13,1.15,1.23
1/29/2021,13802,187,10138,3477,1051795,29518,852260,170017,52.05,3966.26,0.71,111.31,2.81,81.03,1.01,0.39
1/30/2021,14518,210,10242,4066,1066313,29728,862502,174083,54.75,4021.01,0.79,112.1,2.79,80.89,1.05,1.12
1/31/2021,12001,270,10719,1012,1078314,29998,873221,175095,45.26,4066.26,1.02,113.12,2.78,80.98,0.83,1.29
2/1/2021,10994,279,10461,254,1089308,30277,883682,175349,41.46,4107.72,1.05,114.17,2.78,81.12,0.92,1.03
2/2/2021,10379,304,12848,-2773,1099687,30581,896530,172576,39.14,4146.86,1.15,115.32,2.78,81.53,0.94,1.09
2/3/2021,11984,189,9135,2660,1111671,30770,905665,175236,45.19,4192.05,0.71,116.03,2.77,81.47,1.15,0.62
2/4/2021,11434,231,11641,-438,1123105,31001,917306,174798,43.12,4235.17,0.87,116.9,2.76,81.68,0.95,1.22
2/5/2021,11749,201,9674,1874,1134854,31202,926980,176672,44.3,4279.47,0.76,117.66,2.75,81.68,1.03,0.87
2/6/2021,12156,191,12204,-239,1147010,31393,939184,176433,45.84,4325.31,0.72,118.38,2.74,81.88,1.03,0.95
2/7/2021,10827,163,10806,-142,1157837,31556,949990,176291,40.83,4366.14,0.61,119.0,2.73,82.05,0.89,0.85
2/8/2021,8242,207,13038,-5003,1166079,31763,963028,171288,31.08,4397.22,0.78,119.78,2.72,82.59,0.76,1.27
2/9/2021,8700,213,10424,-1937,1174779,31976,973452,169351,32.81,4430.03,0.8,120.58,2.72,82.86,1.06,1.03
2/10/2021,8776,191,9520,-935,1183555,32167,982972,168416,33.09,4463.12,0.72,121.3,2.72,83.05,1.01,0.9
2/11/2021,8435,214,10145,-1924,1191990,32381,993117,166492,31.81,4494.93,0.81,122.11,2.72,83.32,0.96,1.12
2/12/2021,9869,275,11000,-1406,1201859,32656,1004117,165086,37.22,4532.14,1.04,123.14,2.72,83.55,1.17,1.29
2/13/2021,8844,280,11919,-3355,1210703,32936,1016036,161731,33.35,4565.49,1.06,124.2,2.72,83.92,0.9,1.02
2/14/2021,6765,247,9237,-2719,1217468,33183,1025273,159012,25.51,4591.0,0.93,125.13,2.73,84.21,0.76,0.88
2/15/2021,6462,184,6792,-514,1223930,33367,1032065,158498,24.37,4615.37,0.69,125.83,2.73,84.32,0.96,0.74
2/16/2021,10029,229,7609,2191,1233959,33596,1039674,160689,37.82,4653.19,0.86,126.69,2.72,84.26,1.55,1.24
2/17/2021,9687,192,8002,1493,1243646,33788,1047676,162182,36.53,4689.72,0.72,127.41,2.72,84.24,0.97,0.84
2/18/2021,9039,181,10546,-1688,1252685,33969,1058222,160494,34.09,4723.81,0.68,128.1,2.71,84.48,0.93,0.94
2/19/2021,10614,183,10783,-352,1263299,34152,1069005,160142,40.02,4763.83,0.69,128.79,2.7,84.62,1.17,1.01
2/20/2021,8054,164,9835,-1945,1271353,34316,1078840,158197,30.37,4794.2,0.62,129.4,2.7,84.86,0.76,0.9
2/21/2021,7300,173,8236,-1109,1278653,34489,1087076,157088,27.53,4821.73,0.65,130.06,2.7,85.02,0.91,1.05
2/22/2021,10180,202,9918,60,1288833,34691,1096994,157148,38.39,4860.12,0.76,130.82,2.69,85.12,1.39,1.17
2/23/2021,9775,323,7996,1456,1298608,35014,1104990,158604,36.86,4896.98,1.22,132.04,2.7,85.09,0.96,1.6
2/24/2021,7533,240,7735,-442,1306141,35254,1112725,158162,28.41,4925.39,0.91,132.94,2.7,85.19,0.77,0.74
2/25/2021,8493,264,8686,-457,1314634,35518,1121411,157705,32.03,4957.41,1.0,133.94,2.7,85.3,1.13,1.1
2/26/2021,8232,268,7261,703,1322866,35786,1128672,158408,31.04,4988.45,1.01,134.95,2.71,85.32,0.97,1.02
2/27/2021,6208,195,7382,-1369,1329074,35981,1136054,157039,23.41,5011.86,0.74,135.68,2.71,85.48,0.75,0.73
2/28/2021,5560,185,6649,-1274,1334634,36166,1142703,155765,20.97,5032.83,0.7,136.38,2.71,85.62,0.9,0.95
3/1/2021,6680,159,9212,-2691,1341314,36325,1151915,153074,25.19,5058.02,0.6,136.98,2.71,85.88,1.2,0.86
3/2/2021,5712,193,8948,-3429,1347026,36518,1160863,149645,21.54,5079.56,0.73,137.71,2.71,86.18,0.86,1.21
3/3/2021,6808,203,9053,-2448,1353834,36721,1169916,147197,25.67,5105.23,0.77,138.47,2.71,86.42,1.19,1.05
3/4/2021,7264,176,6440,648,1361098,36897,1176356,147845,27.39,5132.63,0.66,139.14,2.71,86.43,1.07,0.87
3/5/2021,6971,129,6331,511,1368069,37026,1182687,148356,26.29,5158.91,0.49,139.62,2.71,86.45,0.96,0.73
3/6/2021,5767,128,6823,-1184,1373836,37154,1189510,147172,21.75,5180.66,0.48,140.11,2.7,86.58,0.83,0.99
3/7/2021,5826,112,5146,568,1379662,37266,1194656,147740,21.97,5202.63,0.42,140.53,2.7,86.59,1.01,0.88
3/8/2021,6894,281,8725,-2112,1386556,37547,1203381,145628,26.0,5228.63,1.06,141.59,2.71,86.79,1.18,2.51
3/9/2021,6389,210,7496,-1317,1392945,37757,1210877,144311,24.09,5252.72,0.79,142.38,2.71,86.93,0.93,0.75
3/10/2021,5633,175,5556,-98,1398578,37932,1216433,144213,21.24,5273.96,0.66,143.04,2.71,86.98,0.88,0.83
3/11/2021,5144,117,8170,-3143,1403722,38049,1224603,141070,19.4,5293.36,0.44,143.48,2.71,87.24,0.91,0.67
3/12/2021,6412,180,6851,-619,1410134,38229,1231454,140451,24.18,5317.54,0.68,144.16,2.71,87.33,1.25,1.54
3/13/2021,4607,100,6016,-1509,1414741,38329,1237470,138942,17.37,5334.91,0.38,144.54,2.71,87.47,0.72,0.56
3/14/2021,4714,97,5647,-1030,1419455,38426,1243117,137912,17.78,5352.69,0.37,144.9,2.71,87.58,1.02,0.97
3/15/2021,5589,147,6830,-1388,1425044,38573,1249947,136524,21.08,5373.76,0.55,145.46,2.71,87.71,1.19,1.52
3/16/2021,5414,180,7716,-2482,1430458,38753,1257663,134042,20.42,5394.18,0.68,146.14,2.71,87.92,0.97,1.22
3/17/2021,6825,162,9010,-2347,1437283,38915,1266673,131695,25.74,5419.92,0.61,146.75,2.71,88.13,1.26,0.9
3/18/2021,6570,227,6285,58,1443853,39142,1272958,131753,24.78,5444.69,0.86,147.6,2.71,88.16,0.96,1.4
3/19/2021,6279,197,6007,75,1450132,39339,1278965,131828,23.68,5468.37,0.74,148.35,2.71,88.2,0.96,0.87
3/20/2021,5656,108,5760,-212,1455788,39447,1284725,131616,21.33,5489.7,0.41,148.75,2.71,88.25,0.9,0.55
3/21/2021,4396,103,6065,-1772,1460184,39550,1290790,129844,16.58,5506.27,0.39,149.14,2.71,88.4,0.78,0.95
3/22/2021,5744,161,7177,-1594,1465928,39711,1297967,128250,21.66,5527.93,0.61,149.75,2.71,88.54,1.31,1.56
3/23/2021,5297,154,6954,-1811,1471225,39865,1304921,126439,19.97,5547.91,0.58,150.33,2.71,88.7,0.92,0.96
3/24/2021,5227,118,7622,-2513,1476452,39983,1312543,123926,19.71,5567.62,0.44,150.77,2.71,88.9,0.99,0.77
3/25/2021,6107,98,4656,1353,1482559,40081,1317199,125279,23.03,5590.65,0.37,151.14,2.7,88.85,1.17,0.83
3/26/2021,4982,85,5679,-782,1487541,40166,1322878,124497,18.79,5609.44,0.32,151.46,2.7,88.93,0.82,0.87
3/27/2021,4461,198,4243,20,1492002,40364,1327121,124517,16.82,5626.26,0.75,152.21,2.71,88.95,0.9,2.33
3/28/2021,4083,85,4279,-281,1496085,40449,1331400,124236,15.4,5641.65,0.32,152.53,2.7,88.99,0.92,0.43
